City_ID,City,Country,Date,Lat,Lng,Cloudiness,Humidity,Max Temp,Wind Speed
0,Touros,BR,1673785231,-5.1989,-35.4608,28,58,28.99,6.2
1,Cidreira,BR,1673785232,-30.1811,-50.2056,100,87,22.09,2.81
2,Bluff,NZ,1673785232,-46.6,168.3333,2,82,15.26,2.89
3,Rikitea,PF,1673785232,-23.1203,-134.9692,3,71,25.04,5.64
4,Lingao,CN,1673785233,19.9103,109.6859,96,83,17.18,8.34
5,Ponta do Sol,PT,1673785233,32.6667,-17.1,32,70,21.51,2.81
6,Hilo,US,1673785233,19.7297,-155.09,0,85,21.45,3.09
7,Tasiilaq,GL,1673785234,65.6145,-37.6368,100,54,-4.91,4.94
8,Nador,MA,1673785234,35.174,-2.9287,20,59,18.14,5.14
9,Hobart,AU,1673785234,-42.8794,147.3294,20,61,13.92,6.69
10,Severo-Kuril'sk,RU,1673785235,50.6789,156.125,100,81,-9.83,14.56
11,East London,ZA,1673785208,-33.0153,27.9116,100,73,24.52,3.6
12,Antalaha,MG,1673785235,-14.9003,50.2788,100,87,26.13,4.11
13,Khovd,MN,1673785236,48.0056,91.6419,79,60,-17.49,0.36
14,Lüderitz,NA,1673785236,-26.6481,15.1594,16,65,22.37,4.51
15,Khvastovichi,RU,1673785237,53.4694,35.0941,96,88,-2.81,3.96
16,Qaanaaq,GL,1673785237,77.484,-69.3632,51,66,-20.07,3.82
17,NEDJO,ET,1673785238,9.5046,35.5019,4,25,27.01,1.94
18,Nanortalik,GL,1673785238,60.1432,-45.2371,37,80,-10.1,5.51
19,Vila do Maio,CV,1673785238,15.1333,-23.2167,2,70,23.53,7.3
20,Butaritari,KI,1673785238,3.0707,172.7902,100,86,25.69,5.51
21,Cape Town,ZA,1673785239,-33.9258,18.4232,0,54,30.06,8.75
22,Tolga,DZ,1673785018,34.7222,5.3785,1,40,17.45,1.71
23,Plover,US,1673785239,44.4564,-89.544,100,74,-3.53,5.19
24,Tekeli,KZ,1673785239,44.83,78.8239,4,77,-14.45,3.38
25,São Filipe,CV,1673785240,14.8961,-24.4956,0,63,24.27,3.17
26,Mataura,NZ,1673785240,-46.1927,168.8643,10,88,12.86,0.54
27,Kapaa,US,1673785240,22.0752,-159.319,20,82,19.18,4.63
28,Cabra,ES,1673785016,37.4725,-4.4421,82,59,12.7,2.42
29,Frontera,MX,1673785241,26.9333,-101.45,0,45,11.85,0.45
30,Totness,SR,1673785241,5.8833,-56.3167,58,83,24.84,2.16
31,Khatanga,RU,1673785241,71.9667,102.5,88,100,-45.22,0.86
32,Bārdoli,IN,1673785241,21.1167,73.1167,0,21,23.86,3.87
33,Shimokizukuri,JP,1673785242,40.8061,140.3861,100,88,1.4,1.65
34,Albany,US,1673785032,42.6001,-73.9662,35,79,-3.6,1.79
35,Arraial do Cabo,BR,1673785242,-22.9661,-42.0278,0,74,27.98,8.23
36,Sabang,ID,1673785242,5.8933,95.3214,88,68,27.79,3.25
37,Vostok,RU,1673785243,46.4856,135.8833,29,98,-30.06,1.82
38,Walla Walla,US,1673785243,46.0646,-118.343,0,73,8.91,2.06
39,Yataity del Norte,PY,1673785243,-24.8333,-56.35,51,66,26.23,1.01
40,Chillicothe,US,1673785243,39.3331,-82.9824,0,100,-7.31,0.0
41,Kruisfontein,ZA,1673785244,-34.0033,24.7314,100,54,24.38,5.14
42,Kerema,PG,1673785244,-7.9631,145.7785,81,81,27.32,2.23
43,Port Alfred,ZA,1673785244,-33.5906,26.891,88,74,25.66,1.34
44,Tuktoyaktuk,CA,1673785244,69.4541,-133.0374,87,100,-29.93,2.2
45,Chernyshevskiy,RU,1673785245,63.0128,112.4714,76,100,-54.72,0.39
46,Chambas,CU,1673785245,22.1928,-78.9136,0,67,14.2,2.56
47,Ponezhukay,RU,1673785246,44.8876,39.3855,24,71,5.94,1.69
48,Ramos Arizpe,MX,1673785246,25.55,-100.9667,0,25,15.53,4.0
49,Non Thai,TH,1673785221,15.1981,102.0358,0,30,30.61,2.53
50,Beringovskiy,RU,1673785246,63.05,179.3167,100,96,-20.33,7.78
51,Lumphat,KH,1673785247,13.4878,106.9816,0,48,24.39,1.15
52,Talnakh,RU,1673785247,69.4865,88.3972,7,88,-39.34,2.45
53,Port Blair,IN,1673785248,11.6667,92.75,3,61,26.02,3.09
54,Dakar,SN,1673785178,14.6937,-17.4441,0,34,31.49,2.06
55,Paamiut,GL,1673785248,61.994,-49.6678,91,73,-9.99,7.81
56,Kondinskoye,RU,1673785249,59.6481,67.41,98,92,-6.63,5.57
57,Half Moon Bay,US,1673785249,37.4636,-122.4286,89,92,11.57,0.0
58,Punta Arenas,CL,1673785096,-53.15,-70.9167,75,66,11.06,11.32
59,Kawalu,ID,1673785250,-7.3817,108.2082,99,88,24.15,1.37
60,Atar,MR,1673785251,20.5169,-13.0499,27,13,26.71,8.25
61,Dikson,RU,1673785251,73.5069,80.5464,10,93,-36.93,1.55
62,Thompson,CA,1673785251,55.7435,-97.8558,100,85,-16.91,2.57
63,Esperance,AU,1673785252,-33.8667,121.9,88,61,20.76,10.43
64,Mildura,AU,1673785252,-34.2,142.15,94,35,26.71,5.73
65,Kavieng,PG,1673785252,-2.5744,150.7967,16,76,27.86,4.57
66,Porto-Novo,BJ,1673785252,6.4965,2.6036,6,43,31.9,3.47
67,Riyadh,SA,1673784766,24.6877,46.7219,53,44,20.08,2.91
68,Cherskiy,RU,1673785253,68.75,161.3,40,100,-40.68,1.14
69,Saskylakh,RU,1673785040,71.9167,114.0833,99,99,-38.34,1.28
70,Huarmey,PE,1673785253,-10.0681,-78.1522,100,83,20.1,2.37
71,Adrar,MR,1673785254,20.5022,-10.0711,0,16,23.38,7.28
72,Mar del Plata,AR,1673785233,-38.0023,-57.5575,0,79,24.35,3.09
73,Carnarvon,AU,1673785254,-24.8667,113.6333,0,73,24.13,7.93
74,Busselton,AU,1673785254,-33.65,115.3333,0,70,17.43,8.86
75,Lensk,RU,1673785256,60.7253,114.9278,70,100,-46.75,0.91
76,Torbay,CA,1673785256,47.6666,-52.7314,100,94,13.43,10.8
77,Jamestown,US,1673785256,42.097,-79.2353,100,93,-5.23,2.06
78,Puerto Ayora,EC,1673784998,-0.7393,-90.3518,89,94,23.08,2.17
79,Big Bend,SZ,1673785257,-26.8167,31.9333,1,37,34.79,1.97
80,Kalmunai,LK,1673785257,7.4167,81.8167,91,81,25.63,5.45
81,Mountain Home,US,1673785257,43.133,-115.6912,100,95,1.71,5.14
82,Rāwah,IQ,1673785257,34.4816,41.9093,36,53,14.78,0.8
83,Mizusawa,JP,1673785258,39.1333,141.1333,100,92,2.89,1.15
84,Flinders,AU,1673785179,-34.5833,150.8552,69,83,23.43,3.58
85,Vohibinany,MG,1673785258,-17.35,49.0333,96,93,24.63,2.35
86,Nuuk,GL,1673785108,64.1835,-51.7216,100,65,-5.68,8.25
87,Duku,NG,1673785258,11.2361,4.9073,83,10,32.87,2.52
88,Turaif,SA,1673785259,31.6725,38.6637,75,47,13.14,3.6
89,Ushuaia,AR,1673785183,-54.8,-68.3,75,62,10.81,1.54
90,Lebu,CL,1673785259,-37.6167,-73.65,7,81,13.87,6.13
91,Vaini,TO,1673785259,-21.2,-175.2,75,100,26.09,1.54
92,Taltal,CL,1673785259,-25.4,-70.4833,38,71,20.06,1.44
93,Limbang,MY,1673785260,4.75,115.0,62,94,27.06,0.6
94,Corowa,AU,1673785260,-36.0333,146.3833,69,62,24.67,1.22
95,Macon,US,1673785261,39.8667,-88.9668,0,86,-0.97,5.66
96,Manta,EC,1673785261,-0.95,-80.7333,75,83,23.88,1.03
97,Geraldton,AU,1673785261,-28.7667,114.6,0,68,22.23,8.23
98,Lerwick,GB,1673785144,60.1545,-1.1494,96,65,4.0,11.04
99,Bethel,US,1673785262,41.3712,-73.414,100,75,-0.25,6.17
100,Mahébourg,MU,1673785262,-20.4081,57.7,40,65,29.16,6.17
101,Waseca,US,1673785262,44.0777,-93.5074,100,88,-0.88,7.28
102,Pangody,RU,1673785263,65.85,74.4859,100,96,-17.07,6.13
103,Lagoa,PT,1673785263,39.05,-27.9833,35,61,12.4,6.28
104,Oshawa,CA,1673784981,43.9001,-78.8496,0,85,-9.49,1.54
105,Daru,PG,1673785263,-9.0763,143.2092,66,82,26.88,1.45
106,Tual,ID,1673785264,-5.6667,132.75,96,77,28.59,6.05
107,Vila Velha,BR,1673784976,-20.3297,-40.2925,40,76,28.97,5.14
108,New Norfolk,AU,1673785264,-42.7826,147.0587,0,52,13.72,0.45
109,Yellowknife,CA,1673785264,62.456,-114.3525,100,85,-17.71,2.06
110,Colares,PT,1673785265,38.7992,-9.4469,75,76,14.63,7.72
111,Kiunga,PG,1673785265,-6.1219,141.2906,100,100,23.07,1.44
112,Havelock,US,1673785265,34.8791,-76.9013,3,72,0.99,2.24
113,Hofn,IS,1673785266,64.2539,-15.2082,71,62,-4.91,9.43
114,Shimoda,JP,1673785266,34.6667,138.95,100,91,9.5,5.53
115,Esmeraldas,BR,1673785266,-19.7625,-44.3139,90,84,27.58,3.49
116,Narsaq,GL,1673785267,60.9167,-46.05,16,80,-11.88,3.76
117,Veinticinco de Mayo,AR,1673785267,-35.4323,-60.1727,0,35,28.32,1.79
118,Koson,UZ,1673785268,39.0375,65.585,0,76,-7.82,1.99
119,Pingzhuang,CN,1673785268,42.0372,119.2889,0,39,-12.32,4.93
120,Berlevåg,NO,1673785268,70.8578,29.0864,47,54,-3.03,2.06
121,Clyde River,CA,1673785268,70.4692,-68.5914,100,76,-25.87,14.92
122,Beroroha,MG,1673785268,-21.6667,45.1667,0,32,34.85,4.27
123,Hermanus,ZA,1673785058,-34.4187,19.2345,100,62,25.45,7.74
124,Barrow,US,1673785269,71.2906,-156.7887,100,84,-19.99,8.23
125,Kilindoni,TZ,1673785269,-7.9139,39.6668,66,71,28.39,6.72
126,Beloha,MG,1673785270,-25.1667,45.05,3,41,33.43,6.57
127,Alta Floresta,BR,1673785270,-9.8756,-56.0861,100,97,21.83,1.14
128,Røros,NO,1673785041,62.5747,11.3842,75,93,-6.09,1.03
129,Saint George,US,1673785270,37.1041,-113.5841,100,86,6.33,3.09
130,Panguna,PG,1673785271,-6.3164,155.4848,98,96,20.54,0.93
131,Yadrin,RU,1673785271,55.9405,46.2062,17,86,-10.44,4.95
132,Ilulissat,GL,1673785271,69.2167,-51.1,75,45,-8.99,10.29
133,Sosnovo-Ozerskoye,RU,1673785272,52.5249,111.5418,100,94,-23.35,3.52
134,Teguise,ES,1673784902,29.0605,-13.564,20,68,19.12,8.23
135,Tiksi,RU,1673785272,71.6872,128.8694,100,96,-33.42,0.82
136,Cabo San Lucas,MX,1673785272,22.8909,-109.9124,0,47,12.61,5.03
137,Namatanai,PG,1673785131,-3.6667,152.4333,37,81,26.62,2.52
138,Cuiluan,CN,1673785273,47.72,128.648,37,99,-25.42,2.09
139,Saint Paul Harbor,US,1673785273,57.79,-152.4072,100,100,0.73,1.54
140,South Venice,US,1673785274,27.0531,-82.4243,0,80,6.1,2.06
141,Lorengau,PG,1673785274,-2.0226,147.2712,83,78,27.43,2.63
142,Anchorage,US,1673785230,61.2181,-149.9003,100,89,1.63,2.57
143,Upernavik,GL,1673785274,72.7868,-56.1549,100,59,-15.74,1.82
144,Souillac,MU,1673785275,-20.5167,57.5167,40,65,29.21,6.17
145,Altus,US,1673785275,34.6381,-99.334,0,56,7.31,5.14
146,Borzya,RU,1673785275,50.3833,116.5167,23,100,-31.28,1.02
147,Ambovombe,MG,1673785275,-25.1667,46.0833,16,62,28.81,8.94
148,Praia,CV,1673784617,14.9215,-23.5087,2,61,24.38,7.2
149,Dao,PH,1673785276,11.3937,122.6856,100,94,24.45,1.26
150,Hervey Bay,AU,1673785276,-25.2986,152.8535,100,84,24.01,5.18
151,Lavrentiya,RU,1673785276,65.5833,-171.0,72,89,-22.49,5.02
152,Zhanakorgan,KZ,1673785277,43.9098,67.2495,21,35,-3.4,2.91
153,Williston,US,1673785277,48.147,-103.618,99,98,-1.59,2.07
154,Lhokseumawe,ID,1673785277,5.1801,97.1507,100,81,26.53,3.95
155,Laguna,US,1673785278,38.421,-121.4238,0,95,8.99,4.63
156,Norman Wells,CA,1673785278,65.282,-126.8329,100,77,-20.98,2.06
157,Verkhoyansk,RU,1673785278,67.5447,133.385,100,93,-41.94,0.94
158,Río Viejo,CO,1673785279,8.5874,-73.839,91,92,22.7,0.28
159,Kieta,PG,1673785279,-6.2167,155.6333,90,84,26.21,1.04
160,Bambous Virieux,MU,1673785279,-20.3428,57.7575,40,65,29.14,6.17
161,Margate,GB,1673785041,51.3813,1.3862,22,66,8.83,4.47
162,Brae,GB,1673785279,60.3964,-1.353,93,68,3.54,11.75
163,Cayenne,GF,1673785280,4.9333,-52.3333,20,94,25.02,1.03
164,Forsytheganj,BY,1673785280,52.6333,29.7333,97,95,1.78,6.48
165,Valdivia,CL,1673785094,-39.8142,-73.2459,31,70,14.05,2.06
166,Ballina,AU,1673785281,-28.8667,153.5667,35,96,20.43,2.49
167,Pisco,PE,1673785281,-13.7,-76.2167,76,88,20.01,1.54
168,Antofagasta,CL,1673785281,-23.65,-70.4,28,77,19.6,2.38
169,Bredasdorp,ZA,1673785282,-34.5322,20.0403,100,60,22.69,6.98
170,Bathsheba,BB,1673785282,13.2167,-59.5167,40,74,27.34,5.66
171,Westport,US,1673785282,41.1415,-73.3579,100,72,1.02,7.2
172,Kroya,ID,1673785282,-7.6331,109.2461,80,81,26.69,3.52
173,Mount Gambier,AU,1673785283,-37.8333,140.7667,20,67,12.83,4.64
174,Sørland,NO,1673785283,67.667,12.6934,100,62,0.92,9.83
175,Meulaboh,ID,1673785283,4.1363,96.1285,100,88,25.07,2.69
176,Provideniya,RU,1673785284,64.3833,-173.3,83,86,-17.92,7.19
177,Udachny,RU,1673785284,66.4167,112.4,99,100,-46.59,0.19
178,Grindavik,IS,1673785236,63.8424,-22.4338,0,68,-5.74,5.14
179,Reshetylivka,UA,1673785285,49.565,34.0782,49,73,-0.36,2.29
180,Yakeshi,CN,1673785191,49.2833,120.7333,96,100,-33.34,1.31
181,Manado,ID,1673785286,1.487,124.8455,20,89,26.43,0.51
182,Makakilo City,US,1673785286,21.3469,-158.0858,100,73,24.2,2.57
183,Inta,RU,1673785286,66.0317,60.1659,100,89,-3.49,10.59
184,Bengkulu,ID,1673785287,-3.8004,102.2655,89,81,25.48,1.09
185,Puerto Escondido,MX,1673785287,15.85,-97.0667,20,88,21.46,3.6
186,Kendari,ID,1673785287,-3.945,122.4989,99,86,25.6,0.84
187,Progreso,MX,1673785288,21.2833,-89.6667,29,75,12.06,3.14
188,Najrān,SA,1673785200,17.4924,44.1277,6,23,29.36,2.81
189,Hasaki,JP,1673785288,35.7333,140.8333,100,89,9.22,6.78
190,Atuona,PF,1673785288,-9.8,-139.0333,78,74,25.52,5.36
191,Nālūt,LY,1673785288,30.3333,10.85,0,37,14.34,0.83
192,Tuatapere,NZ,1673785289,-46.1333,167.6833,1,92,13.5,1.18
193,Iqaluit,CA,1673785038,63.7506,-68.5145,15,93,-41.02,2.12
194,Whitley Bay,GB,1673785290,55.0397,-1.4471,52,71,7.55,5.14
195,Luanda,AO,1673784997,-8.8368,13.2343,80,66,27.87,4.69
196,Husavik,IS,1673785290,66.0449,-17.3389,100,66,-5.98,5.3
197,La Ronge,CA,1673785290,55.1001,-105.2842,100,85,-12.86,2.57
198,Romanovo,RU,1673785233,52.6182,81.2271,100,94,-11.32,5.16
199,Lázaro Cárdenas,MX,1673785291,17.9583,-102.2,56,80,23.94,0.85
200,Río Gallegos,AR,1673785291,-51.6226,-69.2181,0,33,14.03,4.63
201,Fort Nelson,CA,1673785291,58.8053,-122.7002,100,93,-14.23,0.0
202,San Andrés,CO,1673785291,12.5847,-81.7006,75,88,25.01,6.17
203,Multan,PK,1673785292,30.1956,71.4753,0,25,17.94,4.12
204,Bonfim,BR,1673785292,3.0833,-59.95,65,74,24.89,3.04
205,Lompoc,US,1673785292,34.6391,-120.4579,40,94,12.1,2.57
206,Chicama,PE,1673785084,-7.8447,-79.1469,96,74,18.3,1.37
207,Quatre Cocos,MU,1673785293,-20.2078,57.7625,34,72,29.06,6.89
208,Derby,GB,1673784654,52.9228,-1.4766,75,79,7.21,9.77
209,Labytnangi,RU,1673785293,66.6572,66.4183,100,96,-8.64,2.44
210,San Quintín,MX,1673785293,30.4833,-115.95,100,94,15.36,5.96
211,Lar,IN,1673785293,26.2039,83.9717,0,48,15.64,3.43
212,Hong Kong,HK,1673785121,22.2855,114.1577,100,74,15.74,5.81
213,Ciudad del Carmen,MX,1673785294,18.6333,-91.8333,0,72,19.02,3.09
214,Enid,US,1673785294,36.3956,-97.8784,40,49,8.5,8.23
215,Guilin,CN,1673785294,25.2819,110.2864,98,66,3.06,5.77
216,Madera,US,1673785295,37.1666,-119.8343,99,92,8.87,0.27
217,São João da Barra,BR,1673785295,-21.6403,-41.0511,100,84,28.05,7.22
218,Leningradskiy,RU,1673785295,69.3833,178.4167,100,99,-27.6,1.79
219,Boguchany,RU,1673785295,58.3814,97.4531,100,99,-19.32,1.43
220,Bauchi,NG,1673785296,10.5,10.0,7,13,29.84,3.52
221,Katsuura,JP,1673785296,35.1333,140.3,100,94,11.43,5.16
222,Hithadhoo,MV,1673785296,-0.6,73.0833,98,66,26.97,4.54
223,Vardø,NO,1673785297,70.3705,31.1107,49,73,-7.01,10.29
224,Martapura,ID,1673785297,-3.4167,114.85,40,94,25.05,1.03
225,Port Elizabeth,ZA,1673785184,-33.918,25.5701,40,72,25.61,4.63
226,San Patricio,US,1673785297,28.017,-97.5169,0,86,16.92,4.34
227,Nikolskoye,RU,1673785298,59.7035,30.7861,100,85,2.94,7.54
228,Anadyr,RU,1673785084,64.75,177.4833,75,76,-19.72,10.0
229,Havøysund,NO,1673785298,70.9963,24.6622,96,72,-2.87,4.22
230,Klaksvík,FO,1673785188,62.2266,-6.589,100,60,-2.49,8.04
231,Codrington,AU,1673785299,-38.2667,141.9667,0,69,13.17,5.77
232,Malé,MV,1673785272,4.1748,73.5089,40,66,29.97,4.63
233,Avarua,CK,1673785299,-21.2078,-159.775,0,100,19.03,0.51
234,Polovinnoye,RU,1673785300,54.7914,65.9864,73,81,-9.88,5.66
235,Ribeira Grande,PT,1673785300,38.5167,-28.7,20,62,14.32,6.17
236,Castro,BR,1673785300,-24.7911,-50.0119,91,87,20.78,1.04
237,Prince Rupert,CA,1673785301,54.3161,-130.3201,100,99,5.83,3.6
238,Löningen,DE,1673785301,52.7333,7.7667,64,69,7.27,12.21
239,Pingliang,CN,1673785301,35.5392,106.6861,90,53,-7.76,1.23
240,Nouadhibou,MR,1673785301,20.931,-17.0347,38,33,23.99,5.14
241,Tamandaré,BR,1673785302,-8.7597,-35.1047,68,72,26.89,4.23
242,Aklavik,CA,1673785302,68.2191,-135.0107,100,100,-29.4,1.0
243,Severnoye,RU,1673785302,56.3491,78.3619,67,97,-16.04,3.0
244,Fairbanks,US,1673785303,64.8378,-147.7164,75,82,-15.78,3.09
245,Saldanha,ZA,1673785303,-33.0117,17.9442,36,70,21.0,7.99
246,Eydhafushi,MV,1673785303,5.1033,73.0708,21,69,26.58,4.63
247,Tarata,BO,1673785303,-17.6167,-66.0167,29,64,15.68,0.79
248,Omboué,GA,1673785304,-1.5746,9.2618,96,68,28.66,2.03
249,Jalu,LY,1673785304,29.0331,21.5482,48,45,19.55,9.15
250,Tancheng,CN,1673785305,27.4375,115.4976,100,96,2.34,2.23
251,Koróni,GR,1673785305,36.8,21.95,45,57,16.84,1.12
252,Ouro Sogui,SN,1673785305,15.6064,-13.3211,0,15,33.0,4.12
253,Santiago,CL,1673784509,-33.4569,-70.6483,0,45,23.47,1.03
254,Ola,RU,1673785306,59.5833,151.2833,100,90,-23.02,6.64
255,Pudozh,RU,1673785306,61.8099,36.5345,100,93,1.13,5.1
256,Auki,SB,1673785306,-8.7676,160.7034,100,83,24.46,1.3
257,Te Anau,NZ,1673785307,-45.4167,167.7167,1,90,13.13,1.22
258,Yangcun,CN,1673785307,39.3639,117.0603,0,23,-3.01,3.91
259,Yumen,CN,1673785307,40.2833,97.2,98,80,-13.14,10.04
260,Taoudenni,ML,1673785308,22.6783,-3.9836,0,14,24.59,5.95
261,Port Lincoln,AU,1673785308,-34.7333,135.8667,99,62,17.98,8.53
262,Maumere,ID,1673785308,-8.6199,122.2111,99,82,26.9,2.9
263,Don Luan,VN,1673785309,11.5333,106.9167,2,65,24.19,0.76
264,High Prairie,CA,1673785309,55.4334,-116.4858,100,97,-3.63,0.87
265,Lebedinyy,RU,1673785310,58.5167,125.5167,100,99,-41.02,1.79
266,Vanavara,RU,1673785160,60.34,102.2797,100,97,-31.06,2.03
267,Hualmay,PE,1673785310,-11.0964,-77.6139,85,82,20.15,2.47
268,Itō,JP,1673785311,34.9667,139.0833,100,96,8.71,0.45
269,Pokhara,NP,1673785311,28.2333,83.9833,0,63,12.29,1.38
270,Carangola,BR,1673785312,-20.7331,-42.0294,97,77,25.72,1.58
271,Saint-Augustin,CA,1673785312,51.226,-58.6502,96,88,-10.55,4.67
272,Coahuayana Viejo,MX,1673785312,18.7333,-103.6833,0,78,19.49,1.34
273,Rizhao,CN,1673785313,35.4275,119.4553,100,36,-3.59,4.33
274,Pamplona,ES,1673785313,42.8169,-1.6432,75,76,9.15,5.14
275,Neiafu,TO,1673785313,-18.65,-173.9833,75,94,25.38,0.0
276,Alice Springs,AU,1673785313,-23.7,133.8833,16,40,31.23,2.06
277,Valparaíso,CL,1673785160,-33.0393,-71.6273,100,100,16.38,2.57
278,Quaraí,BR,1673785314,-30.3875,-56.4514,0,45,27.62,3.16
279,Saint-Philippe,RE,1673785314,-21.3585,55.7679,46,77,29.77,5.83
280,Kristianstad,SE,1673785130,56.0313,14.1524,75,70,6.08,8.23
281,Linares,CL,1673785315,-35.85,-71.6,0,54,16.35,1.49
282,Karratha,AU,1673785315,-20.7377,116.8463,17,77,27.82,4.46
283,Dingle,PH,1673785315,10.9995,122.6711,99,94,24.05,2.59
284,George Town,MY,1673785300,5.4112,100.3354,20,82,28.86,2.57
285,Pronsk,RU,1673785316,54.1048,39.6092,90,94,-6.22,5.04
286,Bjørnevatn,NO,1673785316,69.6672,29.9847,0,85,-7.21,1.54
287,Fortuna,US,1673785317,40.5982,-124.1573,75,96,9.19,3.09
288,Kaitangata,NZ,1673785317,-46.2817,169.8464,22,95,14.4,1.43
289,Wieliczka,PL,1673785317,49.9874,20.0647,100,57,8.62,3.58
290,El Alto,PE,1673785318,-4.2714,-81.2147,83,66,20.81,3.88
291,Coquimbo,CL,1673785318,-29.9533,-71.3436,75,82,16.85,2.06
292,Pimenta Bueno,BR,1673785168,-11.6725,-61.1936,76,87,24.48,0.65
293,Tete,MZ,1673785318,-16.1564,33.5867,40,55,33.05,3.6
294,Muravlenko,RU,1673785318,63.7898,74.523,99,95,-15.1,5.2
295,Kwekwe,ZW,1673785319,-18.9281,29.8149,46,48,27.63,4.49
296,Kushmurun,KZ,1673785319,52.4503,64.6311,55,85,-13.96,2.37
297,Barreirinhas,BR,1673785319,-2.7469,-42.8264,100,80,27.22,3.69
298,Pevek,RU,1673785320,69.7008,170.3133,10,97,-30.86,0.96
299,Şuhut,TR,1673784984,38.5311,30.5458,97,52,6.91,0.75
300,Araranguá,BR,1673785320,-28.9347,-49.4858,100,95,21.28,0.65
301,Awjilah,LY,1673785321,29.1081,21.2869,39,47,19.37,9.54
302,Oxelösund,SE,1673785264,58.6706,17.1015,20,87,4.21,4.63
303,Soledade,BR,1673785321,-28.8183,-52.5103,100,98,18.01,1.64
304,Itarema,BR,1673785321,-2.9248,-39.9167,100,68,28.36,5.96
305,Carberry,CA,1673785322,49.8689,-99.3602,100,98,-7.87,1.06
306,Dunedin,NZ,1673785322,-45.8742,170.5036,39,85,16.0,1.79
307,Kudahuvadhoo,MV,1673785322,2.6708,72.8944,56,70,26.51,1.91
308,Springfield,US,1673785322,37.2153,-93.2982,0,77,3.46,9.26
309,Palmer,US,1673785050,42.1584,-72.3287,100,67,0.26,9.26
310,Viedma,AR,1673785322,-40.8135,-62.9967,19,56,19.58,6.04
311,Paraíso,CR,1673785323,9.8383,-83.8656,96,100,17.2,2.37
312,Bukama,CD,1673785323,-9.2,25.85,100,89,23.01,1.73
313,Kutum,SD,1673785323,14.2,24.6667,94,15,24.76,2.59
314,Asahikawa,JP,1673785323,43.7678,142.3703,97,94,-11.83,0.89
315,Coldwater,US,1673785324,41.9403,-85.0005,0,86,-3.95,1.54
316,Fare,PF,1673785324,-16.7,-151.0167,100,68,26.36,6.2
317,Igarka,RU,1673785154,67.4667,86.5833,34,99,-42.67,1.4
318,Maun,BW,1673785324,-19.9833,23.4167,75,48,30.98,3.6
319,Sakakah,SA,1673785324,29.9697,40.2064,14,44,13.76,1.46
320,Tura,IN,1673785325,25.5198,90.2201,0,50,15.39,1.46
321,General Roca,AR,1673785100,-39.0333,-67.5833,1,43,20.35,3.44
322,Abrau-Dyurso,RU,1673785325,44.69,37.59,100,73,2.7,0.87
323,Yaan,NG,1673785325,7.3833,8.5667,8,11,34.48,3.95
324,Labuhan,ID,1673785326,-6.8844,112.2051,100,79,27.46,6.13
325,Yunyang,CN,1673785326,33.4474,112.7142,99,61,-0.23,1.22
326,Okhotsk,RU,1673785326,59.3833,143.3,100,99,-26.56,4.38
327,Whitehorse,CA,1673785327,60.7161,-135.0538,100,89,-11.61,0.0
328,Dale,US,1673785327,38.1689,-86.99,0,100,-1.52,3.6
329,Great Falls,US,1673785327,47.5002,-111.3008,100,82,4.12,1.54
330,Sistranda,NO,1673785327,63.7256,8.834,100,70,-0.02,8.71
331,Watsa,CD,1673785327,3.0372,29.5355,23,21,32.57,2.15
332,Chalmette,US,1673785328,29.9427,-89.9634,0,76,9.0,2.57
333,Ahipara,NZ,1673785328,-35.1667,173.1667,20,88,14.65,3.0
334,Gongzhuling,CN,1673785328,43.5008,124.8198,0,69,-16.45,3.0
335,Grand Gaube,MU,1673785328,-20.0064,57.6608,28,67,29.22,3.13
336,Safi,MA,1673785329,32.2994,-9.2372,4,65,17.62,3.54
337,Jalalabad,AF,1673785329,34.4265,70.4515,0,18,8.21,1.69
338,Caramay,PH,1673785329,10.1815,119.236,100,94,24.25,2.35
339,Bhisho,ZA,1673785330,-32.8472,27.4422,100,83,21.35,3.86
340,Srednekolymsk,RU,1673785330,67.45,153.6833,98,100,-41.54,1.57
341,Nianzishan,CN,1673785330,47.5167,122.8833,1,74,-20.99,4.14
342,Sur,OM,1673785330,22.5667,59.5289,1,43,21.23,5.53
343,Batticaloa,LK,1673785330,7.7102,81.6924,85,81,25.57,5.21
344,Japura,ID,1673785330,-0.3167,102.35,100,85,25.25,1.15
345,Utica,US,1673785331,43.1009,-75.2327,37,91,-7.82,0.89
346,Matara,LK,1673785331,5.9485,80.5353,82,77,26.03,1.59
347,Naples,IT,1673785088,40.8333,14.25,40,70,15.63,2.06
348,Sangar,RU,1673785331,63.9242,127.4739,78,100,-53.68,0.51
349,Palamós,ES,1673785332,41.8484,3.1291,85,45,15.78,3.13
350,Māngrol,IN,1673785332,21.1167,70.1167,2,32,24.11,4.42
351,Honiara,SB,1673785332,-9.4333,159.95,100,84,24.54,0.34
352,Maamba,ZM,1673785332,-17.3667,27.15,93,55,28.92,3.98
353,Siilinjärvi,FI,1673785333,63.0833,27.6667,100,93,1.01,7.2
354,Portland,US,1673785267,45.5234,-122.6762,100,86,9.56,3.58
355,San Cristobal,VE,1673785334,7.7669,-72.225,46,84,19.1,0.78
356,Ostrovnoy,RU,1673785335,68.0531,39.5131,100,92,-0.99,2.63
357,Nome,US,1673785335,64.5011,-165.4064,0,72,-11.96,6.69
358,Mayo,US,1673785335,38.8876,-76.5119,0,70,-0.01,6.17
359,Burnie,AU,1673785336,-41.0667,145.9167,11,80,17.19,8.18
360,Kahului,US,1673785336,20.8947,-156.47,100,73,23.8,2.24
361,Zyryanka,RU,1673785336,65.75,150.85,100,96,-32.64,5.9
362,Pochutla,MX,1673785336,15.7432,-96.4661,12,54,20.46,1.66
363,Bairiki Village,KI,1673785336,1.3292,172.9752,75,83,27.0,2.57
364,Itoman,JP,1673785336,26.1247,127.6694,75,82,19.01,12.35
365,Kiryat Gat,IL,1673785337,31.61,34.7642,77,26,19.34,5.2
366,Longyearbyen,SJ,1673785337,78.2186,15.6401,75,74,-5.09,13.38
367,Along,IN,1673785338,28.1667,94.7667,72,77,14.46,0.33
368,Airai,TL,1673785339,-8.9266,125.4092,100,94,16.75,0.75
369,Mangrūl Pīr,IN,1673785339,20.3167,77.35,0,30,25.78,3.01
370,Jizan,SA,1673785341,17.3333,42.6667,6,45,30.52,4.32
371,Shingū,JP,1673785342,33.7333,135.9833,100,93,14.07,2.19
372,Bartica,GY,1673785342,6.4,-58.6167,86,90,24.18,0.41
373,Ancud,CL,1673785342,-41.8697,-73.8203,9,69,10.89,1.76
374,Sitka,US,1673785342,57.0531,-135.33,100,76,6.94,4.63
375,Port Augusta,AU,1673785343,-32.5,137.7667,98,50,22.25,7.86
376,Santa Maria da Vitória,BR,1673785343,-13.3947,-44.1886,5,81,25.15,1.67
377,Chardara,KZ,1673785343,41.2547,67.9692,0,74,-10.24,1.96
378,Staraya Toropa,RU,1673785343,56.2801,31.6702,99,85,1.62,6.68
379,St. George's,GD,1673785146,12.0564,-61.7485,20,78,26.82,7.72
380,Maceió,BR,1673785344,-9.6658,-35.7353,40,61,29.69,5.14
381,Iquitos,PE,1673785344,-3.7481,-73.2472,100,94,23.02,3.6
382,Bonthe,SL,1673785344,7.5264,-12.505,50,56,30.95,2.56
383,Utena,LT,1673785345,55.5,25.6,100,89,2.5,10.03
384,Geneva,US,1673785124,41.8875,-88.3054,0,83,-2.58,5.14
385,Padang,ID,1673785345,-0.9492,100.3543,100,86,27.03,0.6
386,Chui,UY,1673785345,-33.6971,-53.4616,2,47,24.81,1.27
387,Tres Arroyos,AR,1673785162,-38.3739,-60.2798,63,60,23.56,4.76
388,San Juan,AR,1673785303,-31.5375,-68.5364,8,36,25.49,9.89
389,Gumdag,TM,1673785346,39.2061,54.5906,89,42,-1.64,11.81
390,Ust-Maya,RU,1673785168,60.4167,134.5333,100,97,-43.36,1.63
391,Monywa,MM,1673785347,22.1167,95.1333,0,40,21.98,1.1
392,Arman',RU,1673785347,59.7,150.1667,100,95,-24.67,6.42
393,Coyhaique,CL,1673785347,-45.5752,-72.0662,0,54,12.97,0.0
394,Rawson,AR,1673785348,-43.3002,-65.1023,0,62,16.39,3.68
395,Back Mountain,US,1673785348,41.3359,-75.9963,31,85,-4.8,4.34
396,Asău,RO,1673785348,46.4333,26.4,7,56,0.51,1.74
397,Nipawin,CA,1673785348,53.3668,-104.0009,100,92,-12.98,2.57
398,Ixtapa,MX,1673785070,20.7,-105.2,0,82,17.9,1.54
399,Palmerston,AU,1673785349,-12.486,130.9833,75,78,28.99,3.6
400,Pouébo,NC,1673785349,-20.4,164.5667,13,80,25.58,5.56
401,Avera,US,1673785349,33.194,-82.5271,1,66,-2.57,0.87
402,Miami Beach,US,1673785349,25.7906,-80.1301,0,68,7.23,3.6
403,Zhangaözen,KZ,1673785350,43.3,52.8,72,28,-1.46,10.85
404,Viking,CA,1673785350,53.1001,-111.7684,86,99,-7.93,1.42
405,Acapulco de Juárez,MX,1673785351,16.8634,-99.8901,0,88,21.9,1.03
406,Acaraú,BR,1673785351,-2.8856,-40.12,100,71,27.96,6.14
407,Isangel,VU,1673785351,-19.55,169.2667,100,83,25.06,3.09
408,Los Chiles,CR,1673785351,11.0333,-84.7167,100,73,21.29,2.56
409,Naze,JP,1673785352,28.3667,129.4833,98,83,16.51,10.66
410,Caceres,ES,1673784907,39.522,-6.3748,92,77,12.34,6.27
411,Yatou,CN,1673785352,37.15,122.3833,50,56,-3.83,6.55
412,Road Town,VG,1673785172,18.4167,-64.6167,40,89,26.05,2.57
413,Juneau,US,1673785253,58.3019,-134.4197,100,100,3.39,2.13
414,Zeya,RU,1673785353,53.75,127.2667,27,99,-35.4,1.77
415,Samarai,PG,1673785353,-10.6167,150.6667,100,78,27.88,6.49
416,Prado,BR,1673785353,-17.3411,-39.2208,41,60,27.63,3.47
417,Yangi Marg`ilon,UZ,1673785196,40.4272,71.7189,0,58,-5.6,2.06
418,Humaitá,BR,1673785354,-7.5061,-63.0208,81,82,25.31,2.11
419,Klyuchi,RU,1673785354,52.2667,79.1667,99,95,-11.85,3.41
420,Camocim,BR,1673785354,-2.9022,-40.8411,100,72,27.72,5.34
421,Guerrero Negro,MX,1673785354,27.9769,-114.0611,98,86,13.64,1.31
422,Severo-Yeniseyskiy,RU,1673785182,60.3725,93.0408,97,100,-27.04,0.46
423,Raudeberg,NO,1673785355,61.9875,5.1352,100,68,3.37,3.45
424,Bosaso,SO,1673785355,11.2842,49.1816,20,74,26.99,6.69
425,Muros,ES,1673785123,42.7762,-9.0603,65,85,11.49,5.98
426,South Lake Tahoe,US,1673785355,38.9332,-119.9844,100,86,-1.03,4.35
427,Richards Bay,ZA,1673785356,-28.783,32.0377,0,42,34.38,5.85
428,Tyukhtet,RU,1673785356,56.5389,89.3011,100,92,-10.82,5.72
429,Demba,CD,1673785356,-5.51,22.2667,80,40,31.43,1.28
430,Pueblo Bello,CO,1673785357,8.2041,-76.526,100,97,22.42,1.08
431,Mossamedes,AO,1673785357,-15.1961,12.1522,51,66,26.15,5.3
432,Port Keats,AU,1673785357,-14.25,129.55,100,82,26.99,3.2
433,Namtsy,RU,1673785357,62.7161,129.6658,77,97,-52.87,1.85
434,Lima,PE,1673785354,-12.0432,-77.0282,0,84,20.5,2.57
435,Praia da Vitória,PT,1673785358,38.7333,-27.0667,40,71,14.31,6.61
436,Kachug,RU,1673785358,53.9606,105.8817,100,96,-15.42,1.69
437,Yulara,AU,1673785358,-25.2406,130.9889,93,29,31.7,6.64
438,Salalah,OM,1673785165,17.0151,54.0924,40,61,26.05,3.6
439,Jūrmala,LV,1673784814,56.968,23.7704,100,93,3.01,8.23
440,Tipitapa,NI,1673785359,12.1973,-86.0971,40,77,20.01,0.0
441,Qaqortoq,GL,1673785359,60.7167,-46.0333,16,80,-16.43,3.2
442,Uniontown,US,1673785170,39.9001,-79.7164,26,97,-4.81,1.62
443,Aranos,NA,1673785359,-24.1333,19.1167,13,16,35.67,4.05
444,Poya,NC,1673785359,-21.35,165.15,60,82,24.69,2.41
445,Annau,TM,1673785360,37.8876,58.516,40,63,-4.28,5.14
446,Paphos,CY,1673785301,34.7667,32.4167,75,72,16.88,2.57
447,Becerril,CO,1673785360,9.7041,-73.2793,39,79,23.5,1.37
448,Kamiiso,JP,1673785360,41.8167,140.65,100,96,-0.91,4.57
449,Shuangyang,CN,1673785361,43.5242,125.6736,1,82,-18.56,2.73
450,Ribeira Brava,PT,1673785361,32.65,-17.0667,31,63,20.0,3.56
451,Saint Anthony,US,1673785361,45.0205,-93.218,0,82,-0.03,5.66
452,Santa Maria,BR,1673785361,-29.6842,-53.8069,75,83,22.61,1.54
453,Kailua,US,1673785361,21.4022,-157.7394,85,81,23.99,0.45
454,Constitución,CL,1673785362,-35.3333,-72.4167,0,61,16.92,0.09
455,Tambovka,RU,1673785362,50.0969,128.0489,98,100,-28.53,1.39
456,Santiago del Estero,AR,1673785362,-27.7951,-64.2615,76,34,25.9,6.49
457,Acarí,PE,1673785362,-15.4311,-74.6158,29,79,22.2,0.85
458,Faya,SA,1673785363,18.3851,42.4509,4,52,19.06,3.91
459,Yar-Sale,RU,1673785363,66.8333,70.8333,100,96,-12.42,4.38
460,Calama,CL,1673785363,-22.4667,-68.9333,0,28,14.27,7.72
461,Acatlán,MX,1673785363,20.15,-98.45,0,43,7.29,2.79
462,Nantucket,US,1673785364,41.2835,-70.0995,100,88,4.52,16.98
463,Ambulu,ID,1673785364,-8.345,113.6058,97,85,26.05,0.91
464,Porto Empedocle,IT,1673785364,37.2934,13.5264,53,64,16.84,3.22
465,Baghdad,IQ,1673784976,33.3406,44.4009,40,82,13.95,5.14
466,Kokuy,RU,1673785364,52.2037,117.5529,10,100,-34.57,0.65
467,Egvekinot,RU,1673785365,66.3167,-179.1667,81,84,-27.09,8.99
468,Seidu,SL,1673785365,9.0167,-10.6,59,15,32.42,0.65
469,Aketi,CD,1673785365,2.7388,23.7833,41,19,37.44,1.85
470,Batagay-Alyta,RU,1673785366,67.8006,130.4114,75,90,-41.23,1.31
471,Mehamn,NO,1673785366,71.0357,27.8492,79,63,-3.05,5.66
472,Cravo Norte,CO,1673785366,6.3017,-70.2041,93,67,24.43,2.71
473,Kununurra,AU,1673785366,-15.7667,128.7333,40,94,24.99,0.51
474,Strunino,RU,1673785073,56.3833,38.5667,99,94,-3.82,5.0
475,Esim,GH,1673785367,4.8699,-2.2405,8,55,30.7,3.42
476,Danilov,RU,1673785367,58.1908,40.1717,100,94,-4.24,4.77
477,Umba,RU,1673785367,66.6871,34.3429,100,99,0.21,2.92
478,Turukhansk,RU,1673785367,65.8167,87.9833,19,93,-38.78,2.96
479,Nuevo Progreso,MX,1673785368,23.1667,-97.95,0,77,15.82,0.45
480,Erzin,TR,1673785368,36.9559,36.2,99,68,11.88,2.2
481,College,US,1673785368,64.8569,-147.8028,20,82,-15.79,3.09
482,Kyshtovka,RU,1673785175,56.555,76.6271,59,97,-15.19,2.99
483,Atocha,BO,1673785369,-20.9333,-66.2333,0,67,8.54,1.8
484,Saint-François,FR,1673785369,46.4154,3.9054,40,74,7.69,4.12
485,Meredith,US,1673785370,43.6576,-71.5004,0,83,-1.24,3.6
486,Deputatsky,RU,1673785370,69.3,139.9,100,100,-38.99,0.24
487,Tungor,RU,1673785370,53.3808,142.9564,8,95,-32.87,3.06
488,Charters Towers,AU,1673785370,-20.1,146.2667,100,95,21.58,6.93
489,Koumac,NC,1673785370,-20.5667,164.2833,15,74,26.08,1.87
490,Shakawe,BW,1673785371,-18.3667,21.85,68,35,30.34,4.7
491,Mundo Nuevo (Ojo de Agua),MX,1673785371,18.7,-95.5,18,77,16.12,3.34
492,Broome,US,1673785371,42.2506,-75.833,0,88,-5.55,4.12
493,Vrises,GR,1673785372,35.492,23.8899,100,63,13.42,1.94
494,Kalangala,UG,1673785372,-0.3089,32.225,49,60,23.47,5.3
495,Thinadhoo,MV,1673785372,0.5333,72.9333,70,70,26.62,3.21
496,Chokurdakh,RU,1673785372,70.6333,147.9167,76,100,-38.71,2.36
497,Līsakovsk,KZ,1673785372,52.5369,62.4936,100,75,-11.39,3.53
498,Manoel Urbano,BR,1673785373,-8.8389,-69.2597,94,87,24.31,1.5
499,Ruska Poliana,UA,1673785373,49.417,31.9201,100,70,0.37,2.96
500,Moussoro,TD,1673785373,13.6408,16.4901,44,12,28.81,5.79
501,Malabo,GQ,1673785218,3.75,8.7833,20,70,30.92,5.14
502,Natchitoches,US,1673785374,31.7668,-93.1335,0,100,1.47,0.0
503,Belmonte,BR,1673785374,-15.8631,-38.8828,23,61,27.64,3.11
504,Salta,AR,1673785100,-24.7859,-65.4117,0,66,20.88,1.34
505,Pijiño del Carmen,CO,1673785374,9.3291,-74.453,98,91,23.3,1.32
506,Kashgar,CN,1673785375,39.4547,75.9797,40,78,-12.44,1.0
507,Ha Tinh,VN,1673785375,18.3333,105.9,98,94,19.36,4.53
508,Christchurch,NZ,1673785286,-43.5333,172.6333,2,76,17.17,6.69
509,The Valley,AI,1673785376,18.217,-63.0578,15,77,25.05,5.33
510,Kumul,CN,1673785376,42.8,93.45,5,32,-10.79,3.23
511,Vanimo,PG,1673785376,-2.6741,141.3028,87,84,25.6,1.3
512,Rovaniemi,FI,1673784705,66.5,25.7167,100,100,-1.33,4.63
513,Miquelon,PM,1673785376,47.0975,-56.3814,100,100,6.0,3.05
514,Ketchikan,US,1673785378,55.3422,-131.6461,100,87,6.26,0.0
515,Kastamonu Province,TR,1673784810,41.5,33.6667,36,56,5.01,0.28
516,Bahía Blanca,AR,1673785378,-38.7196,-62.2724,100,75,20.72,0.45
517,Andenes,NO,1673785378,69.3143,16.1194,0,63,-2.82,3.6
518,Necoclí,CO,1673785379,8.4234,-76.786,100,92,23.41,2.58
519,Ambilobe,MG,1673785380,-13.2,49.05,41,46,32.42,1.04
520,Yerbogachën,RU,1673785380,61.2767,108.0108,58,100,-49.22,1.47
521,Wajima,JP,1673785380,37.4,136.9,100,86,6.12,4.92
522,Nambucca Heads,AU,1673785380,-30.65,153.0,0,81,23.0,3.89
523,Cap-aux-Meules,CA,1673785380,47.3821,-61.8597,100,93,-1.97,10.29
524,Arica,CL,1673785381,-18.475,-70.3042,0,53,22.13,1.54
525,Linping,CN,1673785144,30.4225,120.2972,94,57,-0.03,4.84
526,San Fernando,PH,1673785381,15.0286,120.6898,77,83,25.85,1.54
527,Muli,MV,1673785382,2.9167,73.5667,39,71,26.67,2.08
528,Los Llanos de Aridane,ES,1673785382,28.6585,-17.9182,75,77,19.86,7.6
529,Payakumbuh,ID,1673785382,-0.2202,100.6308,100,97,22.05,1.47
530,Vila Franca do Campo,PT,1673785382,37.7167,-25.4333,10,63,13.23,6.31
531,Metro,ID,1673785382,-5.1131,105.3067,96,71,26.68,3.42
532,Departamento de Maldonado,UY,1673785383,-34.6667,-54.9167,0,27,26.79,0.8
533,Lata,PT,1673785383,40.1629,-8.3327,68,58,12.26,5.43
534,Da Lat,VN,1673785384,11.9465,108.4419,18,93,14.95,1.03
535,Ulaangom,MN,1673785384,49.9811,92.0667,100,97,-27.51,0.77
536,Toora-Khem,RU,1673785385,52.4675,96.11,100,98,-17.31,1.26
537,Province of Mantua,IT,1673785160,45.1667,10.7833,100,89,7.42,0.87
538,Korla,CN,1673785385,41.7597,86.1469,76,95,-13.75,1.1
539,Jinka,ET,1673785386,5.65,36.65,5,18,30.42,1.22
540,Tiznit Province,MA,1673785386,29.5833,-9.5,1,26,19.74,1.99
541,Makarov,RU,1673785386,48.6333,142.8,50,79,-17.38,2.38
542,Walvis Bay,NA,1673785205,-22.9575,14.5053,40,60,24.53,4.63
543,Goba,ET,1673785387,7.0167,39.9833,7,22,19.42,3.42
544,Ati,TD,1673785387,13.2154,18.3353,32,11,32.01,4.34
545,Porto Santo,PT,1673785387,33.072,-16.3415,20,77,18.21,3.6
546,Soure,BR,1673785387,-0.7167,-48.5233,100,82,25.41,1.95
547,Murud,IN,1673785388,18.3258,72.965,1,56,23.42,4.67
548,Hokitika,NZ,1673785244,-42.7167,170.9667,1,89,16.61,1.46
549,Port Hardy,CA,1673785388,50.6996,-127.4199,100,100,6.1,1.54
550,Mineiros,BR,1673785389,-17.5694,-52.5511,100,89,21.39,0.47
551,Mana,GF,1673785222,5.6592,-53.7767,99,88,24.54,2.01
552,Toledo,ES,1673785234,39.8333,-4.0,97,77,9.06,9.59
553,Alofi,NU,1673785390,-19.0595,-169.9187,9,94,21.94,1.03
554,Sragen,ID,1673785390,-7.4264,111.0222,99,87,25.38,1.56
555,Kasongo-Lunda,CD,1673785287,-6.4667,16.8167,23,57,30.59,0.24
556,Caravelas,BR,1673785390,-17.7125,-39.2481,31,55,28.41,3.33
557,Brandon,US,1673785390,27.9378,-82.2859,0,75,6.93,1.79
558,Radzyń Podlaski,PL,1673785180,51.7833,22.6167,100,72,5.01,8.08
559,Gambēla,ET,1673785391,8.25,34.5833,4,19,37.38,2.79
560,Cap Malheureux,MU,1673785391,-19.9842,57.6142,31,67,28.59,3.13
561,Bakchar,RU,1673785391,57.0186,82.0711,97,98,-15.28,2.46
562,Arinos,BR,1673785391,-15.9169,-46.1056,72,85,24.32,1.42
563,Evensk,RU,1673785392,61.95,159.2333,100,74,-14.89,6.87
564,Carballo,ES,1673785392,43.213,-8.691,96,80,11.59,3.64
565,Dudinka,RU,1673785392,69.4058,86.1778,16,97,-44.62,1.51
566,Chātakonda,IN,1673785392,17.55,80.65,1,32,28.79,2.29
567,Faanui,PF,1673785392,-16.4833,-151.75,100,86,24.57,8.57
568,Hibbing,US,1673785393,47.4272,-92.9377,0,80,-2.32,3.6
569,Pitimbu,BR,1673785393,-7.4706,-34.8086,69,69,24.33,4.51
570,Gaza,PS,1673785258,31.5,34.4667,75,51,18.82,5.07
571,Coos Bay,US,1673785393,43.3665,-124.2179,100,98,9.96,8.75
572,Shelby,US,1673785394,35.2001,-89.8668,0,87,0.06,2.06
573,Sibu,MY,1673785329,2.3,111.8167,40,83,27.17,1.54
